吉野家,大阪府,吉野家ホールディングス物流倉庫,大阪府門真市北島東町1-7,1250,20260117
松屋,愛知県,松屋 サテライト安城店,愛知県安城市住吉町荒曽根30-8,1150,20260117
松屋,愛知県,松屋 安城錦町店,愛知県安城市錦町8-5,1200,20260117
松屋,滋賀県,松屋 伊吹PA（上り線）店,滋賀県米原市柏原3231,1150,20260117
松屋,愛知県,松屋 岡崎北店,愛知県岡崎市鴨田町字広元196,1200,20260117
松屋,岐阜県,松屋 各務原店/松のや 各務原店,岐阜県各務原市那加不動丘2-96,1150,20260117
松屋,愛知県,松屋 蒲郡店/松のや 蒲郡店,愛知県蒲郡市旭町15-1,1200,20260117
松屋,愛知県,松屋 刈谷日高店,愛知県刈谷市日高町4丁目611,1210,20260117
松屋,岐阜県,松屋 岐阜茜部店,岐阜県岐阜市茜部本郷3-159-3,1100,20260117
松屋,岐阜県,松屋 岐阜則武店/松のや 岐阜則武店,岐阜県岐阜市則武西2-19-16,1100,20260117
松屋,滋賀県,松屋 近江八幡店/松のや 近江八幡店,滋賀県近江八幡市鷹飼町北4丁目1-3,1100,20260117
松屋,滋賀県,松屋 五個荘店,滋賀県東近江市五個荘簗瀬町上川原5-2,1100,20260117
松屋,大阪府,松屋 江坂駅前店,大阪府吹田市豊津町14-31由谷エムワイビル,1200,20260117
松屋,滋賀県,松屋 甲賀水口店/松のや 甲賀水口店,滋賀県甲賀市水口町日電1-55,1100,20260117
松屋,愛知県,松屋 三河安城店,愛知県安城市緑町2-9-2,1200,20260117
松屋,岐阜県,松屋 垂井店/松のや 垂井店,岐阜県不破郡垂井町綾戸字不破ノ初502番地1番,1150,20260117
松屋,愛知県,松屋 西尾店/松のや 西尾店,愛知県西尾市上町泡原2,1200,20260117
松屋,岐阜県,松屋 大垣店,岐阜県大垣市禾森町5-190,1100,20260117
松屋,愛知県,松屋 大府店/松のや 大府店,愛知県大府市一屋町5-3,1200,20260117
松屋,愛知県,松屋 知多店/松のや 知多店,愛知県知多市にしの台4-1-11,1200,20260117
松屋,埼玉県,松屋 東松山店,埼玉県東松山市箭弓町1-12-8,1200,20260117
松屋,滋賀県,松屋 南彦根店/松のや 南彦根店,滋賀県彦根市戸賀町176番1,1100,20260117
松屋,茨城県,松屋 日立桜川町店,茨城県日立市桜川町2-4-12,1150,20260117
松屋,滋賀県,松屋 八日市店/松のや 八日市店,滋賀県東近江市八日市東本町11-6,1150,20260117
松屋,愛知県,松屋 半田店/マイカリー食堂 半田店,愛知県半田市宮本町6-216-7,1200,20260117
松屋,滋賀県,松屋 彦根店,滋賀県彦根市東沼波町125-1,1080,20260117
松屋,愛知県,松屋 豊橋つつじが丘店,愛知県豊橋市つつじが丘1-6-10,1160,20260117
松屋,愛知県,松屋 豊橋藤沢町店,愛知県豊橋市藤沢町138番,1160,20260117
松屋,愛知県,松屋 豊田山之手店,愛知県豊田市山之手6-70,1200,20260117
松屋,愛知県,松屋 豊田十塚店,愛知県豊田市十塚町4-23-1,1200,20260117
松屋,愛知県,松屋 豊田東新町店,愛知県豊田市東新町5-20-1,1150,20260117
松屋,愛知県,松屋 豊明店/松のや 豊明店,愛知県豊明市西川町島原8-7,1200,20260117
松屋,岐阜県,松屋 北方町店/松のや 北方町店,岐阜県本巣郡北方町高屋伊勢田2-74-1,1100,20260117
すき家,広島県,すき家 184号尾道店,広島県尾道市栗原西2-7-14,1100,20260117
すき家,大阪府,すき家 310号大阪狭山店,大阪府大阪狭山市東茱萸木1-691-1,1200,20260117
すき家,岩手県,すき家 4号奥州水沢店,岩手県奥州市水沢区太日通り1-4-13,1100,20260117
すき家,茨城県,すき家 つくば学園西大通り店,茨城県つくば市筑穂1-5-7,1150,20260117
すき家,埼玉県,すき家 岩槻城北東店,埼玉県さいたま市岩槻区上野1-20-5,1230,20260117
すき家,石川県,すき家 金沢駅西本町店,石川県金沢市駅西本町6-3-7,1200,20260117
すき家,大阪府,すき家 阪急庄内南店,大阪府豊中市庄内西町5-1-3,1200,20260117
すき家,兵庫県,すき家 西宮北IC店,兵庫県西宮市山口町下山口3-5-23,1200,20260117
すき家,埼玉県,すき家 川口駅東口店,埼玉県川口市栄町3-9-13 K21ビル1F,1200,20260117
すき家,滋賀県,すき家 彦根店,滋賀県彦根市大藪町20,1100,20260117
すき家,東京都,すき家 品川東店,東京都港区港南2-2-3 Mビル1F,1400,20260117
すき家,千葉県,すき家 富里店,千葉県富里市七栄439-1,1200,20260117
すき家,福岡県,すき家 福岡渡辺通五丁目店,福岡県福岡市中央区渡辺通5-2-27,1130,20260117
すき家,京都府,すき家 槙島店,京都府宇治市槙島町二十四56-3,1150,20260117
